,Image_Folder,Type
0,augmented_final/00000.png,CAFOs
1,augmented_final/00001.png,CAFOs
2,augmented_final/00002.png,CAFOs
3,augmented_final/00003.png,CAFOs
4,augmented_final/00004.png,CAFOs
5,augmented_final/00005.png,CAFOs
6,augmented_final/00006.png,CAFOs
7,augmented_final/00007.png,CAFOs
8,augmented_final/00008.png,CAFOs
9,augmented_final/00009.png,CAFOs
10,augmented_final/00010.png,CAFOs
11,augmented_final/00011.png,CAFOs
12,augmented_final/00012.png,CAFOs
13,augmented_final/00013.png,CAFOs
14,augmented_final/00014.png,CAFOs
15,augmented_final/00015.png,CAFOs
16,augmented_final/00016.png,CAFOs
17,augmented_final/00017.png,CAFOs
18,augmented_final/00018.png,CAFOs
19,augmented_final/00019.png,CAFOs
20,augmented_final/00020.png,CAFOs
21,augmented_final/00021.png,CAFOs
22,augmented_final/00022.png,CAFOs
23,augmented_final/00023.png,CAFOs
24,augmented_final/00024.png,CAFOs
25,augmented_final/00025.png,CAFOs
26,augmented_final/00026.png,CAFOs
27,augmented_final/00027.png,CAFOs
28,augmented_final/00028.png,CAFOs
29,augmented_final/00029.png,CAFOs
30,augmented_final/00030.png,CAFOs
31,augmented_final/00031.png,CAFOs
32,augmented_final/00032.png,CAFOs
33,augmented_final/00033.png,CAFOs
34,augmented_final/00034.png,CAFOs
35,augmented_final/00035.png,CAFOs
36,augmented_final/00036.png,CAFOs
37,augmented_final/00037.png,CAFOs
38,augmented_final/00038.png,CAFOs
39,augmented_final/00039.png,CAFOs
40,augmented_final/00040.png,CAFOs
41,augmented_final/00041.png,CAFOs
42,augmented_final/00042.png,CAFOs
43,augmented_final/00043.png,CAFOs
44,augmented_final/00044.png,CAFOs
45,augmented_final/00045.png,CAFOs
46,augmented_final/00046.png,CAFOs
47,augmented_final/00047.png,CAFOs
48,augmented_final/00048.png,CAFOs
49,augmented_final/00049.png,CAFOs
50,augmented_final/00050.png,CAFOs
51,augmented_final/00051.png,CAFOs
52,augmented_final/00052.png,CAFOs
53,augmented_final/00053.png,CAFOs
54,augmented_final/00054.png,CAFOs
55,augmented_final/00055.png,CAFOs
56,augmented_final/00056.png,CAFOs
57,augmented_final/00057.png,CAFOs
58,augmented_final/00058.png,CAFOs
59,augmented_final/00059.png,CAFOs
60,augmented_final/00060.png,CAFOs
61,augmented_final/00061.png,CAFOs
62,augmented_final/00062.png,CAFOs
63,augmented_final/00063.png,CAFOs
64,augmented_final/00064.png,CAFOs
65,augmented_final/00065.png,CAFOs
66,augmented_final/00066.png,CAFOs
67,augmented_final/00067.png,CAFOs
68,augmented_final/00068.png,CAFOs
69,augmented_final/00069.png,CAFOs
70,augmented_final/00070.png,CAFOs
71,augmented_final/00071.png,CAFOs
72,augmented_final/00072.png,CAFOs
73,augmented_final/00073.png,CAFOs
74,augmented_final/00074.png,CAFOs
75,augmented_final/00075.png,CAFOs
76,augmented_final/00076.png,CAFOs
77,augmented_final/00077.png,CAFOs
78,augmented_final/00078.png,CAFOs
79,augmented_final/00079.png,CAFOs
80,augmented_final/00080.png,CAFOs
81,augmented_final/00081.png,CAFOs
82,augmented_final/00082.png,CAFOs
83,augmented_final/00083.png,CAFOs
84,augmented_final/00084.png,CAFOs
85,augmented_final/00085.png,CAFOs
86,augmented_final/00086.png,CAFOs
87,augmented_final/00087.png,CAFOs
88,augmented_final/00088.png,CAFOs
89,augmented_final/00089.png,CAFOs
90,augmented_final/00090.png,CAFOs
91,augmented_final/00091.png,CAFOs
92,augmented_final/00092.png,CAFOs
93,augmented_final/00093.png,CAFOs
94,augmented_final/00094.png,CAFOs
95,augmented_final/00095.png,CAFOs
96,augmented_final/00096.png,CAFOs
97,augmented_final/00097.png,CAFOs
98,augmented_final/00098.png,CAFOs
99,augmented_final/00099.png,CAFOs
100,augmented_final/00100.png,CAFOs
101,augmented_final/00101.png,CAFOs
102,augmented_final/00102.png,CAFOs
103,augmented_final/00103.png,CAFOs
104,augmented_final/00104.png,CAFOs
105,augmented_final/00105.png,CAFOs
106,augmented_final/00106.png,CAFOs
107,augmented_final/00107.png,CAFOs
108,augmented_final/00108.png,CAFOs
109,augmented_final/00109.png,CAFOs
110,augmented_final/00110.png,CAFOs
111,augmented_final/00111.png,CAFOs
112,augmented_final/00112.png,CAFOs
113,augmented_final/00113.png,CAFOs
114,augmented_final/00114.png,CAFOs
115,augmented_final/00115.png,CAFOs
116,augmented_final/00116.png,CAFOs
117,augmented_final/00117.png,CAFOs
118,augmented_final/00118.png,CAFOs
119,augmented_final/00119.png,CAFOs
120,augmented_final/00120.png,CAFOs
121,augmented_final/00121.png,CAFOs
122,augmented_final/00122.png,CAFOs
123,augmented_final/00123.png,CAFOs
124,augmented_final/00124.png,CAFOs
125,augmented_final/00125.png,CAFOs
126,augmented_final/00126.png,CAFOs
127,augmented_final/00127.png,CAFOs
128,augmented_final/00128.png,CAFOs
129,augmented_final/00129.png,CAFOs
130,augmented_final/00130.png,CAFOs
131,augmented_final/00131.png,CAFOs
132,augmented_final/00132.png,CAFOs
133,augmented_final/00133.png,CAFOs
134,augmented_final/00134.png,CAFOs
135,augmented_final/00135.png,CAFOs
136,augmented_final/00136.png,CAFOs
137,augmented_final/00137.png,CAFOs
138,augmented_final/00138.png,CAFOs
139,augmented_final/00139.png,CAFOs
140,augmented_final/00140.png,CAFOs
141,augmented_final/00141.png,CAFOs
142,augmented_final/00142.png,CAFOs
143,augmented_final/00143.png,CAFOs
144,augmented_final/00144.png,CAFOs
145,augmented_final/00145.png,CAFOs
146,augmented_final/00146.png,CAFOs
147,augmented_final/00147.png,CAFOs
148,augmented_final/00148.png,CAFOs
149,augmented_final/00149.png,CAFOs
150,augmented_final/00150.png,CAFOs
151,augmented_final/00151.png,CAFOs
152,augmented_final/00152.png,CAFOs
153,augmented_final/00153.png,CAFOs
154,augmented_final/00154.png,CAFOs
155,augmented_final/00155.png,CAFOs
156,augmented_final/00156.png,CAFOs
157,augmented_final/00157.png,CAFOs
158,augmented_final/00158.png,CAFOs
159,augmented_final/00159.png,CAFOs
160,augmented_final/00160.png,CAFOs
161,augmented_final/00161.png,CAFOs
162,augmented_final/00162.png,CAFOs
163,augmented_final/00163.png,CAFOs
164,augmented_final/00164.png,CAFOs
165,augmented_final/00165.png,CAFOs
166,augmented_final/00166.png,CAFOs
167,augmented_final/00167.png,CAFOs
168,augmented_final/00168.png,CAFOs
169,augmented_final/00169.png,CAFOs
170,augmented_final/00170.png,CAFOs
171,augmented_final/00171.png,CAFOs
172,augmented_final/00172.png,CAFOs
173,augmented_final/00173.png,CAFOs
174,augmented_final/00174.png,CAFOs
175,augmented_final/00175.png,CAFOs
176,augmented_final/00176.png,CAFOs
177,augmented_final/00177.png,CAFOs
178,augmented_final/00178.png,CAFOs
179,augmented_final/00179.png,CAFOs
180,augmented_final/00180.png,CAFOs
181,augmented_final/00181.png,CAFOs
182,augmented_final/00182.png,CAFOs
183,augmented_final/00183.png,CAFOs
184,augmented_final/00184.png,CAFOs
185,augmented_final/00185.png,CAFOs
186,augmented_final/00186.png,CAFOs
187,augmented_final/00187.png,CAFOs
188,augmented_final/00188.png,CAFOs
189,augmented_final/00189.png,CAFOs
190,augmented_final/00190.png,CAFOs
191,augmented_final/00191.png,CAFOs
192,augmented_final/00192.png,CAFOs
193,augmented_final/00193.png,CAFOs
194,augmented_final/00194.png,CAFOs
195,augmented_final/00195.png,CAFOs
196,augmented_final/00196.png,CAFOs
197,augmented_final/00197.png,CAFOs
198,augmented_final/00198.png,CAFOs
199,augmented_final/00199.png,CAFOs
200,augmented_final/00200.png,CAFOs
201,augmented_final/00201.png,CAFOs
202,augmented_final/00202.png,CAFOs
203,augmented_final/00203.png,CAFOs
204,augmented_final/00204.png,CAFOs
205,augmented_final/00205.png,CAFOs
206,augmented_final/00206.png,CAFOs
207,augmented_final/00207.png,CAFOs
208,augmented_final/00208.png,CAFOs
209,augmented_final/00209.png,CAFOs
210,augmented_final/00210.png,CAFOs
211,augmented_final/00211.png,CAFOs
212,augmented_final/00212.png,CAFOs
213,augmented_final/00213.png,CAFOs
214,augmented_final/00214.png,CAFOs
215,augmented_final/00215.png,CAFOs
216,augmented_final/00216.png,CAFOs
217,augmented_final/00217.png,CAFOs
218,augmented_final/00218.png,CAFOs
219,augmented_final/00219.png,CAFOs
220,augmented_final/00220.png,CAFOs
221,augmented_final/00221.png,CAFOs
222,augmented_final/00222.png,CAFOs
223,augmented_final/00223.png,CAFOs
224,augmented_final/00224.png,CAFOs
225,augmented_final/00225.png,CAFOs
226,augmented_final/00226.png,CAFOs
227,augmented_final/00227.png,CAFOs
228,augmented_final/00228.png,CAFOs
229,augmented_final/00229.png,CAFOs
230,augmented_final/00230.png,CAFOs
231,augmented_final/00231.png,CAFOs
232,augmented_final/00232.png,CAFOs
233,augmented_final/00233.png,CAFOs
234,augmented_final/00234.png,CAFOs
235,augmented_final/00235.png,CAFOs
236,augmented_final/00236.png,CAFOs
237,augmented_final/00237.png,CAFOs
238,augmented_final/00238.png,CAFOs
239,augmented_final/00239.png,CAFOs
240,augmented_final/00240.png,CAFOs
241,augmented_final/00241.png,CAFOs
242,augmented_final/00242.png,CAFOs
243,augmented_final/00243.png,CAFOs
244,augmented_final/00244.png,CAFOs
245,augmented_final/00245.png,CAFOs
246,augmented_final/00246.png,CAFOs
247,augmented_final/00247.png,CAFOs
248,augmented_final/00248.png,CAFOs
249,augmented_final/00249.png,CAFOs
250,augmented_final/00250.png,CAFOs
251,augmented_final/00251.png,CAFOs
252,augmented_final/00252.png,CAFOs
253,augmented_final/00253.png,CAFOs
254,augmented_final/00254.png,CAFOs
255,augmented_final/00255.png,CAFOs
256,augmented_final/00256.png,CAFOs
257,augmented_final/00257.png,CAFOs
258,augmented_final/00258.png,CAFOs
259,augmented_final/00259.png,CAFOs
260,augmented_final/00260.png,CAFOs
261,augmented_final/00261.png,CAFOs
262,augmented_final/00262.png,CAFOs
263,augmented_final/00263.png,CAFOs
264,augmented_final/00264.png,CAFOs
265,augmented_final/00265.png,CAFOs
266,augmented_final/00266.png,CAFOs
267,augmented_final/00267.png,CAFOs
268,augmented_final/00268.png,CAFOs
269,augmented_final/00269.png,CAFOs
270,augmented_final/00270.png,CAFOs
271,augmented_final/00271.png,CAFOs
272,augmented_final/00272.png,CAFOs
273,augmented_final/00273.png,CAFOs
274,augmented_final/00274.png,CAFOs
275,augmented_final/00275.png,CAFOs
276,augmented_final/00276.png,CAFOs
277,augmented_final/00277.png,CAFOs
278,augmented_final/00278.png,CAFOs
279,augmented_final/00279.png,CAFOs
280,augmented_final/00280.png,CAFOs
281,augmented_final/00281.png,CAFOs
282,augmented_final/00282.png,CAFOs
283,augmented_final/00283.png,CAFOs
284,augmented_final/00284.png,CAFOs
285,augmented_final/00285.png,CAFOs
286,augmented_final/00286.png,CAFOs
287,augmented_final/00287.png,CAFOs
288,augmented_final/00288.png,CAFOs
289,augmented_final/00289.png,CAFOs
290,augmented_final/00290.png,CAFOs
291,augmented_final/00291.png,CAFOs
292,augmented_final/00292.png,CAFOs
293,augmented_final/00293.png,CAFOs
294,augmented_final/00294.png,CAFOs
295,augmented_final/00295.png,CAFOs
296,augmented_final/00296.png,CAFOs
297,augmented_final/00297.png,CAFOs
298,augmented_final/00298.png,CAFOs
299,augmented_final/00299.png,CAFOs
300,augmented_final/00300.png,CAFOs
301,augmented_final/00301.png,CAFOs
302,augmented_final/00302.png,CAFOs
303,augmented_final/00303.png,CAFOs
304,augmented_final/00304.png,CAFOs
305,augmented_final/00305.png,CAFOs
306,augmented_final/00306.png,CAFOs
307,augmented_final/00307.png,CAFOs
308,augmented_final/00308.png,CAFOs
309,augmented_final/00309.png,CAFOs
310,augmented_final/00310.png,CAFOs
311,augmented_final/00311.png,CAFOs
312,augmented_final/00312.png,CAFOs
313,augmented_final/00313.png,CAFOs
314,augmented_final/00314.png,CAFOs
315,augmented_final/00315.png,CAFOs
316,augmented_final/00316.png,CAFOs
317,augmented_final/00317.png,CAFOs
318,augmented_final/00318.png,CAFOs
319,augmented_final/00319.png,CAFOs
320,augmented_final/00320.png,CAFOs
321,augmented_final/00321.png,CAFOs
322,augmented_final/00322.png,CAFOs
323,augmented_final/00323.png,CAFOs
324,augmented_final/00324.png,CAFOs
325,augmented_final/00325.png,CAFOs
326,augmented_final/00326.png,CAFOs
327,augmented_final/00327.png,CAFOs
328,augmented_final/00328.png,CAFOs
329,augmented_final/00329.png,CAFOs
330,augmented_final/00330.png,CAFOs
331,augmented_final/00331.png,CAFOs
332,augmented_final/00332.png,CAFOs
333,augmented_final/00333.png,CAFOs
334,augmented_final/00334.png,CAFOs
335,augmented_final/00335.png,CAFOs
336,augmented_final/00336.png,CAFOs
337,augmented_final/00337.png,CAFOs
338,augmented_final/00338.png,CAFOs
339,augmented_final/00339.png,CAFOs
340,augmented_final/00340.png,CAFOs
341,augmented_final/00341.png,CAFOs
342,augmented_final/00342.png,CAFOs
343,augmented_final/00343.png,CAFOs
344,augmented_final/00344.png,CAFOs
345,augmented_final/00345.png,CAFOs
346,augmented_final/00346.png,CAFOs
347,augmented_final/00347.png,CAFOs
348,augmented_final/00348.png,CAFOs
349,augmented_final/00349.png,CAFOs
350,augmented_final/00350.png,CAFOs
351,augmented_final/00351.png,CAFOs
352,augmented_final/00352.png,CAFOs
353,augmented_final/00353.png,CAFOs
354,augmented_final/00354.png,CAFOs
355,augmented_final/00355.png,CAFOs
356,augmented_final/00356.png,CAFOs
357,augmented_final/00357.png,CAFOs
358,augmented_final/00358.png,CAFOs
359,augmented_final/00359.png,CAFOs
360,augmented_final/00360.png,CAFOs
361,augmented_final/00361.png,CAFOs
362,augmented_final/00362.png,CAFOs
363,augmented_final/00363.png,CAFOs
364,augmented_final/00364.png,CAFOs
365,augmented_final/00365.png,CAFOs
366,augmented_final/00366.png,CAFOs
367,augmented_final/00367.png,CAFOs
368,augmented_final/00368.png,CAFOs
369,augmented_final/00369.png,CAFOs
370,augmented_final/00370.png,CAFOs
371,augmented_final/00371.png,CAFOs
372,augmented_final/00372.png,CAFOs
373,augmented_final/00373.png,CAFOs
374,augmented_final/00374.png,CAFOs
375,augmented_final/00375.png,CAFOs
376,augmented_final/00376.png,CAFOs
377,augmented_final/00377.png,CAFOs
378,augmented_final/00378.png,CAFOs
379,augmented_final/00379.png,CAFOs
380,augmented_final/00380.png,CAFOs
381,augmented_final/00381.png,CAFOs
382,augmented_final/00382.png,CAFOs
383,augmented_final/00383.png,CAFOs
384,augmented_final/00384.png,CAFOs
385,augmented_final/00385.png,CAFOs
386,augmented_final/00386.png,CAFOs
387,augmented_final/00387.png,CAFOs
388,augmented_final/00388.png,CAFOs
389,augmented_final/00389.png,CAFOs
390,augmented_final/00390.png,CAFOs
391,augmented_final/00391.png,CAFOs
392,augmented_final/00392.png,CAFOs
393,augmented_final/00393.png,CAFOs
394,augmented_final/00394.png,CAFOs
395,augmented_final/00395.png,CAFOs
396,augmented_final/00396.png,CAFOs
397,augmented_final/00397.png,CAFOs
398,augmented_final/00398.png,CAFOs
399,augmented_final/00399.png,CAFOs
400,augmented_final/00400.png,CAFOs
401,augmented_final/00401.png,CAFOs
402,augmented_final/00402.png,CAFOs
403,augmented_final/00403.png,CAFOs
404,augmented_final/00404.png,CAFOs
405,augmented_final/00405.png,CAFOs
406,augmented_final/00406.png,CAFOs
407,augmented_final/00407.png,CAFOs
408,augmented_final/00408.png,CAFOs
409,augmented_final/00409.png,CAFOs
410,augmented_final/00410.png,CAFOs
411,augmented_final/00411.png,CAFOs
412,augmented_final/00412.png,CAFOs
413,augmented_final/00413.png,CAFOs
414,augmented_final/00414.png,CAFOs
415,augmented_final/00415.png,CAFOs
416,augmented_final/00416.png,CAFOs
417,augmented_final/00417.png,CAFOs
418,augmented_final/00418.png,CAFOs
419,augmented_final/00419.png,CAFOs
420,augmented_final/00420.png,CAFOs
421,augmented_final/00421.png,CAFOs
422,augmented_final/00422.png,CAFOs
423,augmented_final/00423.png,CAFOs
424,augmented_final/00424.png,CAFOs
425,augmented_final/00425.png,CAFOs
426,augmented_final/00426.png,CAFOs
427,augmented_final/00427.png,CAFOs
428,augmented_final/00428.png,CAFOs
429,augmented_final/00429.png,CAFOs
430,augmented_final/00430.png,CAFOs
431,augmented_final/00431.png,CAFOs
432,augmented_final/00432.png,CAFOs
433,augmented_final/00433.png,CAFOs
434,augmented_final/00434.png,CAFOs
435,augmented_final/00435.png,CAFOs
436,augmented_final/00436.png,CAFOs
437,augmented_final/00437.png,CAFOs
438,augmented_final/00438.png,CAFOs
439,augmented_final/00439.png,CAFOs
440,augmented_final/00440.png,CAFOs
441,augmented_final/00441.png,CAFOs
442,augmented_final/00442.png,CAFOs
443,augmented_final/00443.png,CAFOs
444,augmented_final/00444.png,CAFOs
445,augmented_final/00445.png,CAFOs
446,augmented_final/00446.png,CAFOs
447,augmented_final/00447.png,CAFOs
448,augmented_final/00448.png,CAFOs
449,augmented_final/00449.png,CAFOs
450,augmented_final/00450.png,CAFOs
451,augmented_final/00451.png,CAFOs
452,augmented_final/00452.png,CAFOs
453,augmented_final/00453.png,CAFOs
454,augmented_final/00454.png,CAFOs
455,augmented_final/00455.png,CAFOs
456,augmented_final/00456.png,CAFOs
457,augmented_final/00457.png,CAFOs
458,augmented_final/00458.png,CAFOs
459,augmented_final/00459.png,CAFOs
460,augmented_final/00460.png,CAFOs
461,augmented_final/00461.png,CAFOs
462,augmented_final/00462.png,CAFOs
463,augmented_final/00463.png,CAFOs
464,augmented_final/00464.png,CAFOs
465,augmented_final/00465.png,CAFOs
466,augmented_final/00466.png,CAFOs
467,augmented_final/00467.png,CAFOs
468,augmented_final/00468.png,CAFOs
469,augmented_final/00469.png,CAFOs
470,augmented_final/00470.png,CAFOs
471,augmented_final/00471.png,CAFOs
472,augmented_final/00472.png,CAFOs
473,augmented_final/00473.png,CAFOs
474,augmented_final/00474.png,CAFOs
475,augmented_final/00475.png,CAFOs
476,augmented_final/00476.png,CAFOs
477,augmented_final/00477.png,CAFOs
478,augmented_final/00478.png,CAFOs
479,augmented_final/00479.png,CAFOs
480,augmented_final/00480.png,CAFOs
481,augmented_final/00481.png,CAFOs
482,augmented_final/00482.png,CAFOs
483,augmented_final/00483.png,CAFOs
484,augmented_final/00484.png,CAFOs
485,augmented_final/00485.png,CAFOs
486,augmented_final/00486.png,CAFOs
487,augmented_final/00487.png,CAFOs
488,augmented_final/00488.png,CAFOs
489,augmented_final/00489.png,CAFOs
490,augmented_final/00490.png,CAFOs
491,augmented_final/00491.png,CAFOs
492,augmented_final/00492.png,CAFOs
493,augmented_final/00493.png,CAFOs
494,augmented_final/00494.png,CAFOs
495,augmented_final/00495.png,CAFOs
496,augmented_final/00496.png,CAFOs
497,augmented_final/00497.png,CAFOs
498,augmented_final/00498.png,CAFOs
499,augmented_final/00499.png,CAFOs
500,augmented_final/00500.png,CAFOs
501,augmented_final/00501.png,CAFOs
502,augmented_final/00502.png,CAFOs
503,augmented_final/00503.png,CAFOs
504,augmented_final/00504.png,CAFOs
505,augmented_final/00505.png,CAFOs
506,augmented_final/00506.png,CAFOs
507,augmented_final/00507.png,CAFOs
508,augmented_final/00508.png,CAFOs
509,augmented_final/00509.png,CAFOs
510,augmented_final/00510.png,CAFOs
511,augmented_final/00511.png,CAFOs
512,augmented_final/00512.png,CAFOs
513,augmented_final/00513.png,CAFOs
514,augmented_final/00514.png,CAFOs
515,augmented_final/00515.png,CAFOs
516,augmented_final/00516.png,CAFOs
517,augmented_final/00517.png,CAFOs
518,augmented_final/00518.png,CAFOs
519,augmented_final/00519.png,CAFOs
520,augmented_final/00520.png,CAFOs
521,augmented_final/00521.png,CAFOs
522,augmented_final/00522.png,CAFOs
523,augmented_final/00523.png,CAFOs
524,augmented_final/00524.png,CAFOs
525,augmented_final/00525.png,CAFOs
526,augmented_final/00526.png,CAFOs
527,augmented_final/00527.png,CAFOs
528,augmented_final/00528.png,CAFOs
529,augmented_final/00529.png,CAFOs
530,augmented_final/00530.png,CAFOs
531,augmented_final/00531.png,CAFOs
532,augmented_final/00532.png,CAFOs
533,augmented_final/00533.png,CAFOs
534,augmented_final/00534.png,CAFOs
535,augmented_final/00535.png,CAFOs
536,augmented_final/00536.png,CAFOs
537,augmented_final/00537.png,CAFOs
538,augmented_final/00538.png,CAFOs
539,augmented_final/00539.png,CAFOs
540,augmented_final/00540.png,CAFOs
541,augmented_final/00541.png,CAFOs
542,augmented_final/00542.png,CAFOs
543,augmented_final/00543.png,CAFOs
544,augmented_final/00544.png,CAFOs
545,augmented_final/00545.png,CAFOs
546,augmented_final/00546.png,CAFOs
547,augmented_final/00547.png,CAFOs
548,augmented_final/00548.png,CAFOs
549,augmented_final/00549.png,CAFOs
550,augmented_final/00550.png,CAFOs
551,augmented_final/00551.png,CAFOs
552,augmented_final/00552.png,CAFOs
553,augmented_final/00553.png,CAFOs
554,augmented_final/00554.png,CAFOs
555,augmented_final/00555.png,CAFOs
556,augmented_final/00556.png,CAFOs
557,augmented_final/00557.png,CAFOs
558,augmented_final/00558.png,CAFOs
559,augmented_final/00559.png,CAFOs
560,augmented_final/00560.png,CAFOs
561,augmented_final/00561.png,CAFOs
562,augmented_final/00562.png,CAFOs
563,augmented_final/00563.png,CAFOs
564,augmented_final/00564.png,CAFOs
565,augmented_final/00565.png,CAFOs
566,augmented_final/00566.png,CAFOs
567,augmented_final/00567.png,CAFOs
568,augmented_final/00568.png,CAFOs
569,augmented_final/00569.png,CAFOs
570,augmented_final/00570.png,CAFOs
571,augmented_final/00571.png,CAFOs
572,augmented_final/00572.png,CAFOs
573,augmented_final/00573.png,CAFOs
574,augmented_final/00574.png,CAFOs
575,augmented_final/00575.png,CAFOs
576,augmented_final/00576.png,CAFOs
577,augmented_final/00577.png,CAFOs
578,augmented_final/00578.png,CAFOs
579,augmented_final/00579.png,CAFOs
580,augmented_final/00580.png,CAFOs
581,augmented_final/00581.png,CAFOs
582,augmented_final/00582.png,CAFOs
583,augmented_final/00583.png,CAFOs
584,augmented_final/00584.png,CAFOs
585,augmented_final/00585.png,CAFOs
586,augmented_final/00586.png,CAFOs
587,augmented_final/00587.png,CAFOs
588,augmented_final/00588.png,CAFOs
589,augmented_final/00589.png,CAFOs
590,augmented_final/00590.png,CAFOs
591,augmented_final/00591.png,CAFOs
592,augmented_final/00592.png,CAFOs
593,augmented_final/00593.png,CAFOs
594,augmented_final/00594.png,CAFOs
595,augmented_final/00595.png,CAFOs
596,augmented_final/00596.png,CAFOs
597,augmented_final/00597.png,CAFOs
598,augmented_final/00598.png,CAFOs
599,augmented_final/00599.png,CAFOs
600,augmented_final/00600.png,CAFOs
601,augmented_final/00601.png,CAFOs
602,augmented_final/00602.png,CAFOs
603,augmented_final/00603.png,CAFOs
604,augmented_final/00604.png,CAFOs
605,augmented_final/00605.png,CAFOs
606,augmented_final/00606.png,CAFOs
607,augmented_final/00607.png,CAFOs
608,augmented_final/00608.png,CAFOs
609,augmented_final/00609.png,CAFOs
610,augmented_final/00610.png,CAFOs
611,augmented_final/00611.png,CAFOs
612,augmented_final/00612.png,CAFOs
613,augmented_final/00613.png,CAFOs
614,augmented_final/00614.png,CAFOs
615,augmented_final/00615.png,CAFOs
616,augmented_final/00616.png,CAFOs
617,augmented_final/00617.png,CAFOs
618,augmented_final/00618.png,CAFOs
619,augmented_final/00619.png,CAFOs
620,augmented_final/00620.png,CAFOs
621,augmented_final/00621.png,CAFOs
622,augmented_final/00622.png,CAFOs
623,augmented_final/00623.png,CAFOs
624,augmented_final/00624.png,CAFOs
625,augmented_final/00625.png,CAFOs
626,augmented_final/00626.png,CAFOs
627,augmented_final/00627.png,CAFOs
628,augmented_final/00628.png,CAFOs
629,augmented_final/00629.png,CAFOs
630,augmented_final/00630.png,CAFOs
631,augmented_final/00631.png,CAFOs
632,augmented_final/00632.png,CAFOs
633,augmented_final/00633.png,CAFOs
634,augmented_final/00634.png,CAFOs
635,augmented_final/00635.png,CAFOs
636,augmented_final/00636.png,CAFOs
637,augmented_final/00637.png,CAFOs
638,augmented_final/00638.png,CAFOs
639,augmented_final/00639.png,CAFOs
640,augmented_final/00640.png,CAFOs
641,augmented_final/00641.png,CAFOs
642,augmented_final/00642.png,CAFOs
643,augmented_final/00643.png,CAFOs
644,augmented_final/00644.png,CAFOs
645,augmented_final/00645.png,CAFOs
646,augmented_final/00646.png,CAFOs
647,augmented_final/00647.png,CAFOs
648,augmented_final/00648.png,CAFOs
649,augmented_final/00649.png,CAFOs
650,augmented_final/00650.png,CAFOs
651,augmented_final/00651.png,CAFOs
652,augmented_final/00652.png,CAFOs
653,augmented_final/00653.png,CAFOs
654,augmented_final/00654.png,CAFOs
655,augmented_final/00655.png,CAFOs
656,augmented_final/00656.png,CAFOs
657,augmented_final/00657.png,CAFOs
658,augmented_final/00658.png,CAFOs
659,augmented_final/00659.png,CAFOs
660,augmented_final/00660.png,CAFOs
661,augmented_final/00661.png,CAFOs
662,augmented_final/00662.png,CAFOs
663,augmented_final/00663.png,CAFOs
664,augmented_final/00664.png,CAFOs
665,augmented_final/00665.png,CAFOs
666,augmented_final/00666.png,CAFOs
667,augmented_final/00667.png,CAFOs
668,augmented_final/00668.png,CAFOs
669,augmented_final/00669.png,CAFOs
670,augmented_final/00670.png,CAFOs
671,augmented_final/00671.png,CAFOs
672,augmented_final/00672.png,CAFOs
673,augmented_final/00673.png,CAFOs
674,augmented_final/00674.png,CAFOs
675,augmented_final/00675.png,CAFOs
676,augmented_final/00676.png,CAFOs
677,augmented_final/00677.png,CAFOs
678,augmented_final/00678.png,CAFOs
679,augmented_final/00679.png,CAFOs
680,augmented_final/00680.png,CAFOs
681,augmented_final/00681.png,CAFOs
682,augmented_final/00682.png,CAFOs
683,augmented_final/00683.png,CAFOs
684,augmented_final/00684.png,CAFOs
685,augmented_final/00685.png,CAFOs
686,augmented_final/00686.png,CAFOs
687,augmented_final/00687.png,CAFOs
688,augmented_final/00688.png,CAFOs
689,augmented_final/00689.png,CAFOs
690,augmented_final/00690.png,CAFOs
691,augmented_final/00691.png,CAFOs
692,augmented_final/00692.png,CAFOs
693,augmented_final/00693.png,CAFOs
694,augmented_final/00694.png,CAFOs
695,augmented_final/00695.png,CAFOs
696,augmented_final/00696.png,CAFOs
697,augmented_final/00697.png,CAFOs
698,augmented_final/00698.png,CAFOs
699,augmented_final/00699.png,CAFOs
700,augmented_final/00700.png,CAFOs
701,augmented_final/00701.png,CAFOs
702,augmented_final/00702.png,CAFOs
703,augmented_final/00703.png,CAFOs
704,augmented_final/00704.png,CAFOs
705,augmented_final/00705.png,CAFOs
706,augmented_final/00706.png,CAFOs
707,augmented_final/00707.png,CAFOs
708,augmented_final/00708.png,CAFOs
709,augmented_final/00709.png,CAFOs
710,augmented_final/00710.png,CAFOs
711,augmented_final/00711.png,CAFOs
712,augmented_final/00712.png,CAFOs
713,augmented_final/00713.png,CAFOs
714,augmented_final/00714.png,CAFOs
715,augmented_final/00715.png,CAFOs
716,augmented_final/00716.png,CAFOs
717,augmented_final/00717.png,CAFOs
718,augmented_final/00718.png,CAFOs
719,augmented_final/00719.png,CAFOs
720,augmented_final/00720.png,CAFOs
721,augmented_final/00721.png,CAFOs
722,augmented_final/00722.png,CAFOs
723,augmented_final/00723.png,CAFOs
724,augmented_final/00724.png,CAFOs
725,augmented_final/00725.png,CAFOs
726,augmented_final/00726.png,CAFOs
727,augmented_final/00727.png,CAFOs
728,augmented_final/00728.png,CAFOs
729,augmented_final/00729.png,CAFOs
730,augmented_final/00730.png,CAFOs
731,augmented_final/00731.png,CAFOs
732,augmented_final/00732.png,CAFOs
733,augmented_final/00733.png,CAFOs
734,augmented_final/00734.png,CAFOs
735,augmented_final/00735.png,CAFOs
736,augmented_final/00736.png,CAFOs
737,augmented_final/00737.png,CAFOs
738,augmented_final/00738.png,CAFOs
739,augmented_final/00739.png,CAFOs
740,augmented_final/00740.png,CAFOs
741,augmented_final/00741.png,CAFOs
742,augmented_final/00742.png,CAFOs
743,augmented_final/00743.png,CAFOs
744,augmented_final/00744.png,CAFOs
745,augmented_final/00745.png,CAFOs
746,augmented_final/00746.png,CAFOs
747,augmented_final/00747.png,CAFOs
748,augmented_final/00748.png,CAFOs
749,augmented_final/00749.png,CAFOs
750,augmented_final/00750.png,CAFOs
751,augmented_final/00751.png,CAFOs
752,augmented_final/00752.png,CAFOs
753,augmented_final/00753.png,CAFOs
754,augmented_final/00754.png,CAFOs
755,augmented_final/00755.png,CAFOs
756,augmented_final/00756.png,CAFOs
757,augmented_final/00757.png,CAFOs
758,augmented_final/00758.png,CAFOs
759,augmented_final/00759.png,CAFOs
760,augmented_final/00760.png,CAFOs
761,augmented_final/00761.png,CAFOs
762,augmented_final/00762.png,CAFOs
763,augmented_final/00763.png,CAFOs
764,augmented_final/00764.png,CAFOs
765,augmented_final/00765.png,CAFOs
766,augmented_final/00766.png,CAFOs
767,augmented_final/00767.png,CAFOs
768,augmented_final/00768.png,CAFOs
769,augmented_final/00769.png,CAFOs
770,augmented_final/00770.png,CAFOs
771,augmented_final/00771.png,CAFOs
772,augmented_final/00772.png,CAFOs
773,augmented_final/00773.png,CAFOs
774,augmented_final/00774.png,CAFOs
775,augmented_final/00775.png,CAFOs
776,augmented_final/00776.png,CAFOs
777,augmented_final/00777.png,CAFOs
778,augmented_final/00778.png,CAFOs
779,augmented_final/00779.png,CAFOs
780,augmented_final/00780.png,CAFOs
781,augmented_final/00781.png,CAFOs
782,augmented_final/00782.png,CAFOs
783,augmented_final/00783.png,CAFOs
784,augmented_final/00784.png,CAFOs
785,augmented_final/00785.png,CAFOs
786,augmented_final/00786.png,CAFOs
787,augmented_final/00787.png,CAFOs
788,augmented_final/00788.png,CAFOs
789,augmented_final/00789.png,CAFOs
790,augmented_final/00790.png,CAFOs
791,augmented_final/00791.png,CAFOs
792,augmented_final/00792.png,CAFOs
793,augmented_final/00793.png,CAFOs
794,augmented_final/00794.png,CAFOs
795,augmented_final/00795.png,CAFOs
796,augmented_final/00796.png,CAFOs
797,augmented_final/00797.png,CAFOs
798,augmented_final/00798.png,CAFOs
799,augmented_final/00799.png,CAFOs
800,augmented_final/00800.png,CAFOs
801,augmented_final/00801.png,CAFOs
802,augmented_final/00802.png,CAFOs
803,augmented_final/00803.png,CAFOs
804,augmented_final/00804.png,CAFOs
805,augmented_final/00805.png,CAFOs
806,augmented_final/00806.png,CAFOs
807,augmented_final/00807.png,CAFOs
808,augmented_final/00808.png,CAFOs
809,augmented_final/00809.png,CAFOs
810,augmented_final/00810.png,CAFOs
811,augmented_final/00811.png,CAFOs
812,augmented_final/00812.png,CAFOs
813,augmented_final/00813.png,CAFOs
814,augmented_final/00814.png,CAFOs
815,augmented_final/00815.png,CAFOs
816,augmented_final/00816.png,CAFOs
817,augmented_final/00817.png,CAFOs
818,augmented_final/00818.png,CAFOs
819,augmented_final/00819.png,CAFOs
820,augmented_final/00820.png,CAFOs
821,augmented_final/00821.png,CAFOs
822,augmented_final/00822.png,CAFOs
823,augmented_final/00823.png,CAFOs
824,augmented_final/00824.png,CAFOs
825,augmented_final/00825.png,CAFOs
826,augmented_final/00826.png,CAFOs
827,augmented_final/00827.png,CAFOs
828,augmented_final/00828.png,CAFOs
829,augmented_final/00829.png,CAFOs
830,augmented_final/00830.png,CAFOs
831,augmented_final/00831.png,CAFOs
832,augmented_final/00832.png,CAFOs
833,augmented_final/00833.png,CAFOs
834,augmented_final/00834.png,CAFOs
835,augmented_final/00835.png,CAFOs
836,augmented_final/00836.png,CAFOs
837,augmented_final/00837.png,CAFOs
838,augmented_final/00838.png,CAFOs
839,augmented_final/00839.png,CAFOs
840,augmented_final/00840.png,CAFOs
841,augmented_final/00841.png,CAFOs
842,augmented_final/00842.png,CAFOs
843,augmented_final/00843.png,CAFOs
844,augmented_final/00844.png,CAFOs
845,augmented_final/00845.png,CAFOs
846,augmented_final/00846.png,CAFOs
847,augmented_final/00847.png,CAFOs
848,augmented_final/00848.png,CAFOs
849,augmented_final/00849.png,CAFOs
850,augmented_final/00850.png,CAFOs
851,augmented_final/00851.png,CAFOs
852,augmented_final/00852.png,CAFOs
853,augmented_final/00853.png,CAFOs
854,augmented_final/00854.png,CAFOs
855,augmented_final/00855.png,CAFOs
856,augmented_final/00856.png,CAFOs
857,augmented_final/00857.png,CAFOs
858,augmented_final/00858.png,CAFOs
859,augmented_final/00859.png,CAFOs
860,augmented_final/00860.png,CAFOs
861,augmented_final/00861.png,CAFOs
862,augmented_final/00862.png,CAFOs
863,augmented_final/00863.png,CAFOs
864,augmented_final/00864.png,CAFOs
865,augmented_final/00865.png,CAFOs
866,augmented_final/00866.png,CAFOs
867,augmented_final/00867.png,CAFOs
868,augmented_final/00868.png,CAFOs
869,augmented_final/00869.png,CAFOs
870,augmented_final/00870.png,CAFOs
871,augmented_final/00871.png,CAFOs
872,augmented_final/00872.png,CAFOs
873,augmented_final/00873.png,CAFOs
874,augmented_final/00874.png,CAFOs
875,augmented_final/00875.png,CAFOs
876,augmented_final/00876.png,CAFOs
877,augmented_final/00877.png,CAFOs
878,augmented_final/00878.png,CAFOs
879,augmented_final/00879.png,CAFOs
880,augmented_final/00880.png,CAFOs
881,augmented_final/00881.png,CAFOs
882,augmented_final/00882.png,CAFOs
883,augmented_final/00883.png,CAFOs
884,augmented_final/00884.png,CAFOs
885,augmented_final/00885.png,CAFOs
886,augmented_final/00886.png,CAFOs
887,augmented_final/00887.png,CAFOs
888,augmented_final/00888.png,CAFOs
889,augmented_final/00889.png,CAFOs
890,augmented_final/00890.png,CAFOs
891,augmented_final/00891.png,CAFOs
892,augmented_final/00892.png,CAFOs
893,augmented_final/00893.png,CAFOs
894,augmented_final/00894.png,CAFOs
895,augmented_final/00895.png,CAFOs
896,augmented_final/00896.png,CAFOs
897,augmented_final/00897.png,CAFOs
898,augmented_final/00898.png,CAFOs
899,augmented_final/00899.png,CAFOs
900,augmented_final/00900.png,CAFOs
901,augmented_final/00901.png,CAFOs
902,augmented_final/00902.png,CAFOs
903,augmented_final/00903.png,CAFOs
904,augmented_final/00904.png,CAFOs
905,augmented_final/00905.png,CAFOs
906,augmented_final/00906.png,CAFOs
907,augmented_final/00907.png,CAFOs
908,augmented_final/00908.png,CAFOs
909,augmented_final/00909.png,CAFOs
910,augmented_final/00910.png,CAFOs
911,augmented_final/00911.png,CAFOs
912,augmented_final/00912.png,CAFOs
913,augmented_final/00913.png,CAFOs
914,augmented_final/00914.png,CAFOs
915,augmented_final/00915.png,CAFOs
916,augmented_final/00916.png,CAFOs
917,augmented_final/00917.png,CAFOs
918,augmented_final/00918.png,CAFOs
919,augmented_final/00919.png,CAFOs
920,augmented_final/00920.png,CAFOs
921,augmented_final/00921.png,CAFOs
922,augmented_final/00922.png,CAFOs
923,augmented_final/00923.png,CAFOs
924,augmented_final/00924.png,CAFOs
925,augmented_final/00925.png,CAFOs
926,augmented_final/00926.png,CAFOs
927,augmented_final/00927.png,CAFOs
928,augmented_final/00928.png,CAFOs
929,augmented_final/00929.png,CAFOs
930,augmented_final/00930.png,CAFOs
931,augmented_final/00931.png,CAFOs
932,augmented_final/00932.png,CAFOs
933,augmented_final/00933.png,CAFOs
934,augmented_final/00934.png,CAFOs
935,augmented_final/00935.png,CAFOs
936,augmented_final/00936.png,CAFOs
937,augmented_final/00937.png,CAFOs
938,augmented_final/00938.png,CAFOs
939,augmented_final/00939.png,CAFOs
940,augmented_final/00940.png,CAFOs
941,augmented_final/00941.png,CAFOs
942,augmented_final/00942.png,CAFOs
943,augmented_final/00943.png,CAFOs
944,augmented_final/00944.png,CAFOs
945,augmented_final/00945.png,CAFOs
946,augmented_final/00946.png,CAFOs
947,augmented_final/00947.png,CAFOs
948,augmented_final/00948.png,CAFOs
949,augmented_final/00949.png,CAFOs
950,augmented_final/00950.png,CAFOs
951,augmented_final/00951.png,CAFOs
952,augmented_final/00952.png,CAFOs
953,augmented_final/00953.png,CAFOs
954,augmented_final/00954.png,CAFOs
955,augmented_final/00955.png,CAFOs
956,augmented_final/00956.png,CAFOs
957,augmented_final/00957.png,CAFOs
958,augmented_final/00958.png,CAFOs
959,augmented_final/00959.png,CAFOs
960,augmented_final/00960.png,CAFOs
961,augmented_final/00961.png,CAFOs
962,augmented_final/00962.png,CAFOs
963,augmented_final/00963.png,CAFOs
964,augmented_final/00964.png,CAFOs
965,augmented_final/00965.png,CAFOs
966,augmented_final/00966.png,CAFOs
967,augmented_final/00967.png,CAFOs
968,augmented_final/00968.png,CAFOs
969,augmented_final/00969.png,CAFOs
970,augmented_final/00970.png,CAFOs
971,augmented_final/00971.png,CAFOs
972,augmented_final/00972.png,CAFOs
973,augmented_final/00973.png,CAFOs
974,augmented_final/00974.png,CAFOs
975,augmented_final/00975.png,CAFOs
976,augmented_final/00976.png,CAFOs
977,augmented_final/00977.png,CAFOs
978,augmented_final/00978.png,CAFOs
979,augmented_final/00979.png,CAFOs
980,augmented_final/00980.png,CAFOs
981,augmented_final/00981.png,CAFOs
982,augmented_final/00982.png,CAFOs
983,augmented_final/00983.png,CAFOs
984,augmented_final/00984.png,CAFOs
985,augmented_final/00985.png,CAFOs
986,augmented_final/00986.png,CAFOs
987,augmented_final/00987.png,CAFOs
988,augmented_final/00988.png,CAFOs
989,augmented_final/00989.png,CAFOs
990,augmented_final/00990.png,CAFOs
991,augmented_final/00991.png,CAFOs
992,augmented_final/00992.png,CAFOs
993,augmented_final/00993.png,CAFOs
994,augmented_final/00994.png,CAFOs
995,augmented_final/00995.png,CAFOs
996,augmented_final/00996.png,CAFOs
997,augmented_final/00997.png,CAFOs
998,augmented_final/00998.png,CAFOs
999,augmented_final/00999.png,CAFOs
1000,augmented_final/01000.png,CAFOs
1001,augmented_final/01001.png,CAFOs
1002,augmented_final/01002.png,CAFOs
1003,augmented_final/01003.png,CAFOs
1004,augmented_final/01004.png,CAFOs
1005,augmented_final/01005.png,CAFOs
1006,augmented_final/01006.png,CAFOs
1007,augmented_final/01007.png,CAFOs
1008,augmented_final/01008.png,CAFOs
1009,augmented_final/01009.png,CAFOs
1010,augmented_final/01010.png,CAFOs
1011,augmented_final/01011.png,CAFOs
1012,augmented_final/01012.png,CAFOs
1013,augmented_final/01013.png,CAFOs
1014,augmented_final/01014.png,CAFOs
1015,augmented_final/01015.png,CAFOs
1016,augmented_final/01016.png,CAFOs
1017,augmented_final/01017.png,CAFOs
1018,augmented_final/01018.png,CAFOs
1019,augmented_final/01019.png,CAFOs
1020,augmented_final/01020.png,CAFOs
1021,augmented_final/01021.png,CAFOs
1022,augmented_final/01022.png,CAFOs
1023,augmented_final/01023.png,CAFOs
1024,augmented_final/01024.png,CAFOs
1025,augmented_final/01025.png,CAFOs
1026,augmented_final/01026.png,CAFOs
1027,augmented_final/01027.png,CAFOs
1028,augmented_final/01028.png,CAFOs
1029,augmented_final/01029.png,CAFOs
1030,augmented_final/01030.png,CAFOs
1031,augmented_final/01031.png,CAFOs
1032,augmented_final/01032.png,CAFOs
1033,augmented_final/01033.png,CAFOs
1034,augmented_final/01034.png,CAFOs
1035,augmented_final/01035.png,CAFOs
1036,augmented_final/01036.png,CAFOs
1037,augmented_final/01037.png,CAFOs
1038,augmented_final/01038.png,CAFOs
1039,augmented_final/01039.png,CAFOs
1040,augmented_final/01040.png,CAFOs
1041,augmented_final/01041.png,CAFOs
1042,augmented_final/01042.png,CAFOs
1043,augmented_final/01043.png,CAFOs
1044,augmented_final/01044.png,CAFOs
1045,augmented_final/01045.png,CAFOs
1046,augmented_final/01046.png,CAFOs
1047,augmented_final/01047.png,CAFOs
1048,augmented_final/01048.png,CAFOs
1049,augmented_final/01049.png,CAFOs
1050,augmented_final/01050.png,CAFOs
1051,augmented_final/01051.png,CAFOs
1052,augmented_final/01052.png,CAFOs
1053,augmented_final/01053.png,CAFOs
1054,augmented_final/01054.png,CAFOs
1055,augmented_final/01055.png,CAFOs
1056,augmented_final/01056.png,CAFOs
1057,augmented_final/01057.png,CAFOs
1058,augmented_final/01058.png,CAFOs
1059,augmented_final/01059.png,CAFOs
1060,augmented_final/01060.png,CAFOs
1061,augmented_final/01061.png,CAFOs
1062,augmented_final/01062.png,CAFOs
1063,augmented_final/01063.png,CAFOs
1064,augmented_final/01064.png,CAFOs
1065,augmented_final/01065.png,CAFOs
1066,augmented_final/01066.png,CAFOs
1067,augmented_final/01067.png,CAFOs
1068,augmented_final/01068.png,CAFOs
1069,augmented_final/01069.png,CAFOs
1070,augmented_final/01070.png,CAFOs
1071,augmented_final/01071.png,CAFOs
1072,augmented_final/01072.png,CAFOs
1073,augmented_final/01073.png,CAFOs
1074,augmented_final/01074.png,CAFOs
1075,augmented_final/01075.png,CAFOs
1076,augmented_final/01076.png,CAFOs
1077,augmented_final/01077.png,CAFOs
1078,augmented_final/01078.png,CAFOs
1079,augmented_final/01079.png,CAFOs
1080,augmented_final/01080.png,CAFOs
1081,augmented_final/01081.png,CAFOs
1082,augmented_final/01082.png,CAFOs
1083,augmented_final/01083.png,CAFOs
1084,augmented_final/01084.png,CAFOs
1085,augmented_final/01085.png,CAFOs
1086,augmented_final/01086.png,CAFOs
1087,augmented_final/01087.png,CAFOs
1088,augmented_final/01088.png,CAFOs
1089,augmented_final/01089.png,CAFOs
1090,augmented_final/01090.png,CAFOs
1091,augmented_final/01091.png,CAFOs
1092,augmented_final/01092.png,CAFOs
1093,augmented_final/01093.png,CAFOs
1094,augmented_final/01094.png,CAFOs
1095,augmented_final/01095.png,CAFOs
1096,augmented_final/01096.png,CAFOs
1097,augmented_final/01097.png,CAFOs
1098,augmented_final/01098.png,CAFOs
1099,augmented_final/01099.png,CAFOs
1100,augmented_final/01100.png,CAFOs
1101,augmented_final/01101.png,CAFOs
1102,augmented_final/01102.png,CAFOs
1103,augmented_final/01103.png,CAFOs
1104,augmented_final/01104.png,CAFOs
1105,augmented_final/01105.png,CAFOs
1106,augmented_final/01106.png,CAFOs
1107,augmented_final/01107.png,CAFOs
1108,augmented_final/01108.png,CAFOs
1109,augmented_final/01109.png,CAFOs
1110,augmented_final/01110.png,CAFOs
1111,augmented_final/01111.png,CAFOs
1112,augmented_final/01112.png,CAFOs
1113,augmented_final/01113.png,CAFOs
1114,augmented_final/01114.png,CAFOs
1115,augmented_final/01115.png,CAFOs
1116,augmented_final/01116.png,CAFOs
1117,augmented_final/01117.png,CAFOs
1118,augmented_final/01118.png,CAFOs
1119,augmented_final/01119.png,CAFOs
1120,augmented_final/01120.png,CAFOs
1121,augmented_final/01121.png,CAFOs
1122,augmented_final/01122.png,CAFOs
1123,augmented_final/01123.png,CAFOs
1124,augmented_final/01124.png,CAFOs
1125,augmented_final/01125.png,CAFOs
1126,augmented_final/01126.png,CAFOs
1127,augmented_final/01127.png,CAFOs
1128,augmented_final/01128.png,CAFOs
1129,augmented_final/01129.png,CAFOs
1130,augmented_final/01130.png,CAFOs
1131,augmented_final/01131.png,CAFOs
1132,augmented_final/01132.png,CAFOs
1133,augmented_final/01133.png,CAFOs
1134,augmented_final/01134.png,CAFOs
1135,augmented_final/01135.png,CAFOs
1136,augmented_final/01136.png,CAFOs
1137,augmented_final/01137.png,CAFOs
1138,augmented_final/01138.png,CAFOs
1139,augmented_final/01139.png,CAFOs
1140,augmented_final/01140.png,CAFOs
1141,augmented_final/01141.png,CAFOs
1142,augmented_final/01142.png,CAFOs
1143,augmented_final/01143.png,CAFOs
1144,augmented_final/01144.png,CAFOs
1145,augmented_final/01145.png,CAFOs
1146,augmented_final/01146.png,CAFOs
1147,augmented_final/01147.png,CAFOs
1148,augmented_final/01148.png,CAFOs
1149,augmented_final/01149.png,CAFOs
1150,augmented_final/01150.png,CAFOs
1151,augmented_final/01151.png,CAFOs
1152,augmented_final/01152.png,CAFOs
1153,augmented_final/01153.png,CAFOs
1154,augmented_final/01154.png,CAFOs
1155,augmented_final/01155.png,CAFOs
1156,augmented_final/01156.png,CAFOs
1157,augmented_final/01157.png,CAFOs
1158,augmented_final/01158.png,CAFOs
1159,augmented_final/01159.png,CAFOs
1160,augmented_final/01160.png,CAFOs
1161,augmented_final/01161.png,CAFOs
1162,augmented_final/01162.png,CAFOs
1163,augmented_final/01163.png,CAFOs
1164,augmented_final/01164.png,CAFOs
1165,augmented_final/01165.png,CAFOs
1166,augmented_final/01166.png,CAFOs
1167,augmented_final/01167.png,CAFOs
1168,augmented_final/01168.png,CAFOs
1169,augmented_final/01169.png,CAFOs
1170,augmented_final/01170.png,CAFOs
1171,augmented_final/01171.png,CAFOs
1172,augmented_final/01172.png,CAFOs
1173,augmented_final/01173.png,CAFOs
1174,augmented_final/01174.png,CAFOs
1175,augmented_final/01175.png,CAFOs
1176,augmented_final/01176.png,CAFOs
1177,augmented_final/01177.png,CAFOs
1178,augmented_final/01178.png,CAFOs
1179,augmented_final/01179.png,CAFOs
1180,augmented_final/01180.png,CAFOs
1181,augmented_final/01181.png,CAFOs
1182,augmented_final/01182.png,CAFOs
1183,augmented_final/01183.png,CAFOs
1184,augmented_final/01184.png,CAFOs
1185,augmented_final/01185.png,CAFOs
1186,augmented_final/01186.png,CAFOs
1187,augmented_final/01187.png,CAFOs
1188,augmented_final/01188.png,CAFOs
1189,augmented_final/01189.png,CAFOs
1190,augmented_final/01190.png,CAFOs
1191,augmented_final/01191.png,CAFOs
1192,augmented_final/01192.png,CAFOs
1193,augmented_final/01193.png,CAFOs
1194,augmented_final/01194.png,CAFOs
1195,augmented_final/01195.png,CAFOs
1196,augmented_final/01196.png,CAFOs
1197,augmented_final/01197.png,CAFOs
1198,augmented_final/01198.png,CAFOs
1199,augmented_final/01199.png,CAFOs
1200,augmented_final/01200.png,CAFOs
1201,augmented_final/01201.png,CAFOs
1202,augmented_final/01202.png,CAFOs
1203,augmented_final/01203.png,CAFOs
1204,augmented_final/01204.png,CAFOs
1205,augmented_final/01205.png,CAFOs
1206,augmented_final/01206.png,CAFOs
1207,augmented_final/01207.png,CAFOs
1208,augmented_final/01208.png,CAFOs
1209,augmented_final/01209.png,CAFOs
1210,augmented_final/01210.png,CAFOs
1211,augmented_final/01211.png,CAFOs
1212,augmented_final/01212.png,CAFOs
1213,augmented_final/01213.png,CAFOs
1214,augmented_final/01214.png,CAFOs
1215,augmented_final/01215.png,CAFOs
1216,augmented_final/01216.png,CAFOs
1217,augmented_final/01217.png,CAFOs
1218,augmented_final/01218.png,CAFOs
1219,augmented_final/01219.png,CAFOs
1220,augmented_final/01220.png,CAFOs
1221,augmented_final/01221.png,CAFOs
1222,augmented_final/01222.png,CAFOs
1223,augmented_final/01223.png,CAFOs
1224,augmented_final/01224.png,CAFOs
1225,augmented_final/01225.png,CAFOs
1226,augmented_final/01226.png,CAFOs
1227,augmented_final/01227.png,CAFOs
1228,augmented_final/01228.png,CAFOs
1229,augmented_final/01229.png,CAFOs
1230,augmented_final/01230.png,CAFOs
1231,augmented_final/01231.png,CAFOs
1232,augmented_final/01232.png,CAFOs
1233,augmented_final/01233.png,CAFOs
1234,augmented_final/01234.png,CAFOs
1235,augmented_final/01235.png,CAFOs
1236,augmented_final/01236.png,CAFOs
1237,augmented_final/01237.png,CAFOs
1238,augmented_final/01238.png,CAFOs
1239,augmented_final/01239.png,CAFOs
1240,augmented_final/01240.png,CAFOs
1241,augmented_final/01241.png,CAFOs
1242,augmented_final/01242.png,CAFOs
1243,augmented_final/01243.png,CAFOs
1244,augmented_final/01244.png,CAFOs
1245,augmented_final/01245.png,CAFOs
1246,augmented_final/01246.png,CAFOs
1247,augmented_final/01247.png,CAFOs
1248,augmented_final/01248.png,CAFOs
1249,augmented_final/01249.png,CAFOs
1250,augmented_final/01250.png,CAFOs
1251,augmented_final/01251.png,CAFOs
1252,augmented_final/01252.png,CAFOs
1253,augmented_final/01253.png,CAFOs
1254,augmented_final/01254.png,CAFOs
1255,augmented_final/01255.png,CAFOs
1256,augmented_final/01256.png,CAFOs
1257,augmented_final/01257.png,CAFOs
1258,augmented_final/01258.png,CAFOs
1259,augmented_final/01259.png,CAFOs
1260,augmented_final/01260.png,CAFOs
1261,augmented_final/01261.png,CAFOs
1262,augmented_final/01262.png,CAFOs
1263,augmented_final/01263.png,CAFOs
1264,augmented_final/01264.png,CAFOs
1265,augmented_final/01265.png,CAFOs
1266,augmented_final/01266.png,CAFOs
1267,augmented_final/01267.png,CAFOs
1268,augmented_final/01268.png,CAFOs
1269,augmented_final/01269.png,CAFOs
1270,augmented_final/01270.png,CAFOs
1271,augmented_final/01271.png,CAFOs
1272,augmented_final/01272.png,CAFOs
1273,augmented_final/01273.png,CAFOs
1274,augmented_final/01274.png,CAFOs
1275,augmented_final/01275.png,CAFOs
1276,augmented_final/01276.png,CAFOs
1277,augmented_final/01277.png,CAFOs
1278,augmented_final/01278.png,CAFOs
1279,augmented_final/01279.png,CAFOs
1280,augmented_final/01280.png,CAFOs
1281,augmented_final/01281.png,CAFOs
1282,augmented_final/01282.png,CAFOs
1283,augmented_final/01283.png,CAFOs
1284,augmented_final/01284.png,CAFOs
1285,augmented_final/01285.png,CAFOs
1286,augmented_final/01286.png,CAFOs
1287,augmented_final/01287.png,CAFOs
1288,augmented_final/01288.png,CAFOs
1289,augmented_final/01289.png,CAFOs
1290,augmented_final/01290.png,CAFOs
1291,augmented_final/01291.png,CAFOs
1292,augmented_final/01292.png,CAFOs
1293,augmented_final/01293.png,CAFOs
1294,augmented_final/01294.png,CAFOs
1295,augmented_final/01295.png,CAFOs
1296,augmented_final/01296.png,CAFOs
1297,augmented_final/01297.png,CAFOs
1298,augmented_final/01298.png,CAFOs
1299,augmented_final/01299.png,CAFOs
1300,augmented_final/01300.png,CAFOs
1301,augmented_final/01301.png,CAFOs
1302,augmented_final/01302.png,CAFOs
1303,augmented_final/01303.png,CAFOs
1304,augmented_final/01304.png,CAFOs
1305,augmented_final/01305.png,CAFOs
1306,augmented_final/01306.png,CAFOs
1307,augmented_final/01307.png,CAFOs
1308,augmented_final/01308.png,CAFOs
1309,augmented_final/01309.png,CAFOs
1310,augmented_final/01310.png,CAFOs
1311,augmented_final/01311.png,CAFOs
1312,augmented_final/01312.png,CAFOs
1313,augmented_final/01313.png,CAFOs
1314,augmented_final/01314.png,CAFOs
1315,augmented_final/01315.png,CAFOs
1316,augmented_final/01316.png,CAFOs
1317,augmented_final/01317.png,CAFOs
1318,augmented_final/01318.png,CAFOs
1319,augmented_final/01319.png,CAFOs
1320,augmented_final/01320.png,CAFOs
1321,augmented_final/01321.png,CAFOs
1322,augmented_final/01322.png,CAFOs
1323,augmented_final/01323.png,CAFOs
1324,augmented_final/01324.png,CAFOs
1325,augmented_final/01325.png,CAFOs
1326,augmented_final/01326.png,CAFOs
1327,augmented_final/01327.png,CAFOs
1328,augmented_final/01328.png,CAFOs
1329,augmented_final/01329.png,CAFOs
1330,augmented_final/01330.png,CAFOs
1331,augmented_final/01331.png,CAFOs
1332,augmented_final/01332.png,CAFOs
1333,augmented_final/01333.png,CAFOs
1334,augmented_final/01334.png,CAFOs
1335,augmented_final/01335.png,CAFOs
1336,augmented_final/01336.png,CAFOs
1337,augmented_final/01337.png,CAFOs
1338,augmented_final/01338.png,CAFOs
1339,augmented_final/01339.png,CAFOs
1340,augmented_final/01340.png,CAFOs
1341,augmented_final/01341.png,CAFOs
1342,augmented_final/01342.png,CAFOs
1343,augmented_final/01343.png,CAFOs
1344,augmented_final/01344.png,CAFOs
1345,augmented_final/01345.png,CAFOs
1346,augmented_final/01346.png,CAFOs
1347,augmented_final/01347.png,CAFOs
1348,augmented_final/01348.png,CAFOs
1349,augmented_final/01349.png,CAFOs
1350,augmented_final/01350.png,CAFOs
1351,augmented_final/01351.png,CAFOs
1352,augmented_final/01352.png,CAFOs
1353,augmented_final/01353.png,CAFOs
1354,augmented_final/01354.png,CAFOs
1355,augmented_final/01355.png,CAFOs
1356,augmented_final/01356.png,CAFOs
1357,augmented_final/01357.png,CAFOs
1358,augmented_final/01358.png,CAFOs
1359,augmented_final/01359.png,CAFOs
1360,augmented_final/01360.png,CAFOs
1361,augmented_final/01361.png,CAFOs
1362,augmented_final/01362.png,CAFOs
1363,augmented_final/01363.png,CAFOs
1364,augmented_final/01364.png,CAFOs
1365,augmented_final/01365.png,CAFOs
1366,augmented_final/01366.png,CAFOs
1367,augmented_final/01367.png,CAFOs
1368,augmented_final/01368.png,CAFOs
1369,augmented_final/01369.png,CAFOs
1370,augmented_final/01370.png,CAFOs
1371,augmented_final/01371.png,CAFOs
1372,augmented_final/01372.png,CAFOs
1373,augmented_final/01373.png,CAFOs
1374,augmented_final/01374.png,CAFOs
1375,augmented_final/01375.png,CAFOs
1376,augmented_final/01376.png,CAFOs
1377,augmented_final/01377.png,CAFOs
1378,augmented_final/01378.png,CAFOs
1379,augmented_final/01379.png,CAFOs
1380,augmented_final/01380.png,CAFOs
1381,augmented_final/01381.png,CAFOs
1382,augmented_final/01382.png,CAFOs
1383,augmented_final/01383.png,CAFOs
1384,augmented_final/01384.png,CAFOs
1385,augmented_final/01385.png,CAFOs
1386,augmented_final/01386.png,CAFOs
1387,augmented_final/01387.png,CAFOs
1388,augmented_final/01388.png,CAFOs
1389,augmented_final/01389.png,CAFOs
1390,augmented_final/01390.png,CAFOs
1391,augmented_final/01391.png,CAFOs
1392,augmented_final/01392.png,CAFOs
1393,augmented_final/01393.png,CAFOs
1394,augmented_final/01394.png,CAFOs
1395,augmented_final/01395.png,CAFOs
1396,augmented_final/01396.png,CAFOs
1397,augmented_final/01397.png,CAFOs
1398,augmented_final/01398.png,CAFOs
1399,augmented_final/01399.png,CAFOs
1400,augmented_final/01400.png,CAFOs
1401,augmented_final/01401.png,CAFOs
1402,augmented_final/01402.png,CAFOs
1403,augmented_final/01403.png,CAFOs
1404,augmented_final/01404.png,CAFOs
1405,augmented_final/01405.png,CAFOs
1406,augmented_final/01406.png,CAFOs
1407,augmented_final/01407.png,CAFOs
1408,augmented_final/01408.png,CAFOs
1409,augmented_final/01409.png,CAFOs
1410,augmented_final/01410.png,CAFOs
1411,augmented_final/01411.png,CAFOs
1412,augmented_final/01412.png,CAFOs
1413,augmented_final/01413.png,CAFOs
1414,augmented_final/01414.png,CAFOs
1415,augmented_final/01415.png,CAFOs
1416,augmented_final/01416.png,CAFOs
1417,augmented_final/01417.png,CAFOs
1418,augmented_final/01418.png,CAFOs
1419,augmented_final/01419.png,CAFOs
1420,augmented_final/01420.png,CAFOs
1421,augmented_final/01421.png,CAFOs
1422,augmented_final/01422.png,CAFOs
1423,augmented_final/01423.png,CAFOs
1424,augmented_final/01424.png,CAFOs
1425,augmented_final/01425.png,CAFOs
1426,augmented_final/01426.png,CAFOs
1427,augmented_final/01427.png,CAFOs
1428,augmented_final/01428.png,CAFOs
1429,augmented_final/01429.png,CAFOs
1430,augmented_final/01430.png,CAFOs
1431,augmented_final/01431.png,CAFOs
1432,augmented_final/01432.png,CAFOs
1433,augmented_final/01433.png,CAFOs
1434,augmented_final/01434.png,CAFOs
1435,augmented_final/01435.png,CAFOs
1436,augmented_final/01436.png,CAFOs
1437,augmented_final/01437.png,CAFOs
1438,augmented_final/01438.png,CAFOs
1439,augmented_final/01439.png,CAFOs
1440,augmented_final/01440.png,CAFOs
1441,augmented_final/01441.png,CAFOs
1442,augmented_final/01442.png,CAFOs
1443,augmented_final/01443.png,CAFOs
1444,augmented_final/01444.png,CAFOs
1445,augmented_final/01445.png,CAFOs
1446,augmented_final/01446.png,CAFOs
1447,augmented_final/01447.png,CAFOs
1448,augmented_final/01448.png,CAFOs
1449,augmented_final/01449.png,CAFOs
1450,augmented_final/01450.png,CAFOs
1451,augmented_final/01451.png,CAFOs
1452,augmented_final/01452.png,CAFOs
1453,augmented_final/01453.png,CAFOs
1454,augmented_final/01454.png,CAFOs
1455,augmented_final/01455.png,CAFOs
1456,augmented_final/01456.png,CAFOs
1457,augmented_final/01457.png,CAFOs
1458,augmented_final/01458.png,CAFOs
1459,augmented_final/01459.png,CAFOs
1460,augmented_final/01460.png,CAFOs
1461,augmented_final/01461.png,CAFOs
1462,augmented_final/01462.png,CAFOs
1463,augmented_final/01463.png,CAFOs
1464,augmented_final/01464.png,CAFOs
1465,augmented_final/01465.png,CAFOs
1466,augmented_final/01466.png,CAFOs
1467,augmented_final/01467.png,CAFOs
1468,augmented_final/01468.png,CAFOs
1469,augmented_final/01469.png,CAFOs
1470,augmented_final/01470.png,CAFOs
1471,augmented_final/01471.png,CAFOs
1472,augmented_final/01472.png,CAFOs
1473,augmented_final/01473.png,CAFOs
1474,augmented_final/01474.png,CAFOs
1475,augmented_final/01475.png,CAFOs
1476,augmented_final/01476.png,CAFOs
1477,augmented_final/01477.png,CAFOs
1478,augmented_final/01478.png,CAFOs
1479,augmented_final/01479.png,CAFOs
1480,augmented_final/01480.png,CAFOs
1481,augmented_final/01481.png,CAFOs
1482,augmented_final/01482.png,CAFOs
1483,augmented_final/01483.png,CAFOs
1484,augmented_final/01484.png,CAFOs
1485,augmented_final/01485.png,CAFOs
1486,augmented_final/01486.png,CAFOs
1487,augmented_final/01487.png,CAFOs
1488,augmented_final/01488.png,CAFOs
1489,augmented_final/01489.png,CAFOs
1490,augmented_final/01490.png,CAFOs
1491,augmented_final/01491.png,CAFOs
1492,augmented_final/01492.png,CAFOs
1493,augmented_final/01493.png,CAFOs
1494,augmented_final/01494.png,CAFOs
1495,augmented_final/01495.png,CAFOs
1496,augmented_final/01496.png,CAFOs
1497,augmented_final/01497.png,CAFOs
1498,augmented_final/01498.png,CAFOs
1499,augmented_final/01499.png,CAFOs
1500,augmented_final/01500.png,CAFOs
1501,augmented_final/01501.png,CAFOs
1502,augmented_final/01502.png,CAFOs
1503,augmented_final/01503.png,CAFOs
1504,augmented_final/01504.png,CAFOs
1505,augmented_final/01505.png,CAFOs
1506,augmented_final/01506.png,CAFOs
1507,augmented_final/01507.png,CAFOs
1508,augmented_final/01508.png,CAFOs
1509,augmented_final/01509.png,CAFOs
1510,augmented_final/01510.png,CAFOs
1511,augmented_final/01511.png,CAFOs
1512,augmented_final/01512.png,CAFOs
1513,augmented_final/01513.png,CAFOs
1514,augmented_final/01514.png,CAFOs
1515,augmented_final/01515.png,CAFOs
1516,augmented_final/01516.png,CAFOs
1517,augmented_final/01517.png,CAFOs
1518,augmented_final/01518.png,CAFOs
1519,augmented_final/01519.png,CAFOs
1520,augmented_final/01520.png,CAFOs
1521,augmented_final/01521.png,CAFOs
1522,augmented_final/01522.png,CAFOs
1523,augmented_final/01523.png,CAFOs
1524,augmented_final/01524.png,CAFOs
1525,augmented_final/01525.png,CAFOs
1526,augmented_final/01526.png,CAFOs
1527,augmented_final/01527.png,CAFOs
1528,augmented_final/01528.png,CAFOs
1529,augmented_final/01529.png,CAFOs
1530,augmented_final/01530.png,CAFOs
1531,augmented_final/01531.png,CAFOs
1532,augmented_final/01532.png,CAFOs
1533,augmented_final/01533.png,CAFOs
1534,augmented_final/01534.png,CAFOs
1535,augmented_final/01535.png,CAFOs
1536,augmented_final/01536.png,CAFOs
1537,augmented_final/01537.png,CAFOs
1538,augmented_final/01538.png,CAFOs
1539,augmented_final/01539.png,CAFOs
1540,augmented_final/01540.png,CAFOs
1541,augmented_final/01541.png,CAFOs
1542,augmented_final/01542.png,CAFOs
1543,augmented_final/01543.png,CAFOs
1544,augmented_final/01544.png,CAFOs
1545,augmented_final/01545.png,CAFOs
1546,augmented_final/01546.png,CAFOs
1547,augmented_final/01547.png,CAFOs
1548,augmented_final/01548.png,CAFOs
1549,augmented_final/01549.png,CAFOs
1550,augmented_final/01550.png,CAFOs
1551,augmented_final/01551.png,CAFOs
1552,augmented_final/01552.png,CAFOs
1553,augmented_final/01553.png,CAFOs
1554,augmented_final/01554.png,CAFOs
1555,augmented_final/01555.png,CAFOs
1556,augmented_final/01556.png,CAFOs
1557,augmented_final/01557.png,CAFOs
1558,augmented_final/01558.png,CAFOs
1559,augmented_final/01559.png,CAFOs
1560,augmented_final/01560.png,CAFOs
1561,augmented_final/01561.png,CAFOs
1562,augmented_final/01562.png,CAFOs
1563,augmented_final/01563.png,CAFOs
1564,augmented_final/01564.png,CAFOs
1565,augmented_final/01565.png,CAFOs
1566,augmented_final/01566.png,CAFOs
1567,augmented_final/01567.png,CAFOs
1568,augmented_final/01568.png,CAFOs
1569,augmented_final/01569.png,CAFOs
1570,augmented_final/01570.png,CAFOs
1571,augmented_final/01571.png,CAFOs
1572,augmented_final/01572.png,CAFOs
1573,augmented_final/01573.png,CAFOs
1574,augmented_final/01574.png,CAFOs
1575,augmented_final/01575.png,CAFOs
1576,augmented_final/01576.png,CAFOs
1577,augmented_final/01577.png,CAFOs
1578,augmented_final/01578.png,CAFOs
1579,augmented_final/01579.png,CAFOs
1580,augmented_final/01580.png,CAFOs
1581,augmented_final/01581.png,CAFOs
1582,augmented_final/01582.png,CAFOs
1583,augmented_final/01583.png,CAFOs
1584,augmented_final/01584.png,CAFOs
1585,augmented_final/01585.png,CAFOs
1586,augmented_final/01586.png,CAFOs
1587,augmented_final/01587.png,CAFOs
1588,augmented_final/01588.png,CAFOs
1589,augmented_final/01589.png,CAFOs
1590,augmented_final/01590.png,CAFOs
1591,augmented_final/01591.png,CAFOs
1592,augmented_final/01592.png,CAFOs
1593,augmented_final/01593.png,CAFOs
1594,augmented_final/01594.png,CAFOs
1595,augmented_final/01595.png,CAFOs
1596,augmented_final/01596.png,CAFOs
1597,augmented_final/01597.png,CAFOs
1598,augmented_final/01598.png,CAFOs
1599,augmented_final/01599.png,CAFOs
1600,augmented_final/01600.png,CAFOs
1601,augmented_final/01601.png,CAFOs
1602,augmented_final/01602.png,CAFOs
1603,augmented_final/01603.png,CAFOs
1604,augmented_final/01604.png,CAFOs
1605,augmented_final/01605.png,CAFOs
1606,augmented_final/01606.png,CAFOs
1607,augmented_final/01607.png,CAFOs
1608,augmented_final/01608.png,CAFOs
1609,augmented_final/01609.png,CAFOs
1610,augmented_final/01610.png,CAFOs
1611,augmented_final/01611.png,CAFOs
1612,augmented_final/01612.png,CAFOs
1613,augmented_final/01613.png,CAFOs
1614,augmented_final/01614.png,CAFOs
1615,augmented_final/01615.png,CAFOs
1616,augmented_final/01616.png,CAFOs
1617,augmented_final/01617.png,CAFOs
1618,augmented_final/01618.png,CAFOs
1619,augmented_final/01619.png,CAFOs
1620,augmented_final/01620.png,CAFOs
1621,augmented_final/01621.png,CAFOs
1622,augmented_final/01622.png,CAFOs
1623,augmented_final/01623.png,CAFOs
1624,augmented_final/01624.png,CAFOs
1625,augmented_final/01625.png,CAFOs
1626,augmented_final/01626.png,CAFOs
1627,augmented_final/01627.png,CAFOs
1628,augmented_final/01628.png,CAFOs
1629,augmented_final/01629.png,CAFOs
1630,augmented_final/01630.png,CAFOs
1631,augmented_final/01631.png,CAFOs
1632,augmented_final/01632.png,CAFOs
1633,augmented_final/01633.png,CAFOs
1634,augmented_final/01634.png,CAFOs
1635,augmented_final/01635.png,CAFOs
1636,augmented_final/01636.png,CAFOs
1637,augmented_final/01637.png,CAFOs
1638,augmented_final/01638.png,CAFOs
1639,augmented_final/01639.png,CAFOs
1640,augmented_final/01640.png,CAFOs
1641,augmented_final/01641.png,CAFOs
1642,augmented_final/01642.png,CAFOs
1643,augmented_final/01643.png,CAFOs
1644,augmented_final/01644.png,CAFOs
1645,augmented_final/01645.png,CAFOs
1646,augmented_final/01646.png,CAFOs
1647,augmented_final/01647.png,CAFOs
1648,augmented_final/01648.png,CAFOs
1649,augmented_final/01649.png,CAFOs
1650,augmented_final/01650.png,CAFOs
1651,augmented_final/01651.png,CAFOs
1652,augmented_final/01652.png,CAFOs
1653,augmented_final/01653.png,CAFOs
1654,augmented_final/01654.png,CAFOs
1655,augmented_final/01655.png,CAFOs
1656,augmented_final/01656.png,CAFOs
1657,augmented_final/01657.png,CAFOs
1658,augmented_final/01658.png,CAFOs
1659,augmented_final/01659.png,CAFOs
1660,augmented_final/01660.png,CAFOs
1661,augmented_final/01661.png,CAFOs
1662,augmented_final/01662.png,CAFOs
1663,augmented_final/01663.png,CAFOs
1664,augmented_final/01664.png,CAFOs
1665,augmented_final/01665.png,CAFOs
1666,augmented_final/01666.png,CAFOs
1667,augmented_final/01667.png,CAFOs
1668,augmented_final/01668.png,CAFOs
1669,augmented_final/01669.png,CAFOs
1670,augmented_final/01670.png,CAFOs
1671,augmented_final/01671.png,CAFOs
1672,augmented_final/01672.png,CAFOs
1673,augmented_final/01673.png,CAFOs
1674,augmented_final/01674.png,CAFOs
1675,augmented_final/01675.png,CAFOs
1676,augmented_final/01676.png,CAFOs
1677,augmented_final/01677.png,CAFOs
1678,augmented_final/01678.png,CAFOs
1679,augmented_final/01679.png,CAFOs
1680,augmented_final/01680.png,CAFOs
1681,augmented_final/01681.png,CAFOs
1682,augmented_final/01682.png,CAFOs
1683,augmented_final/01683.png,CAFOs
1684,augmented_final/01684.png,CAFOs
1685,augmented_final/01685.png,CAFOs
1686,augmented_final/01686.png,CAFOs
1687,augmented_final/01687.png,CAFOs
1688,augmented_final/01688.png,CAFOs
1689,augmented_final/01689.png,CAFOs
1690,augmented_final/01690.png,CAFOs
1691,augmented_final/01691.png,CAFOs
1692,augmented_final/01692.png,CAFOs
1693,augmented_final/01693.png,CAFOs
1694,augmented_final/01694.png,CAFOs
1695,augmented_final/01695.png,CAFOs
1696,augmented_final/01696.png,CAFOs
1697,augmented_final/01697.png,CAFOs
1698,augmented_final/01698.png,CAFOs
1699,augmented_final/01699.png,CAFOs
1700,augmented_final/01700.png,CAFOs
1701,augmented_final/01701.png,CAFOs
1702,augmented_final/01702.png,CAFOs
1703,augmented_final/01703.png,CAFOs
1704,augmented_final/01704.png,CAFOs
1705,augmented_final/01705.png,CAFOs
1706,augmented_final/01706.png,CAFOs
1707,augmented_final/01707.png,CAFOs
1708,augmented_final/01708.png,CAFOs
1709,augmented_final/01709.png,CAFOs
1710,augmented_final/01710.png,CAFOs
1711,augmented_final/01711.png,CAFOs
1712,augmented_final/01712.png,CAFOs
1713,augmented_final/01713.png,CAFOs
1714,augmented_final/01714.png,CAFOs
1715,augmented_final/01715.png,CAFOs
1716,augmented_final/01716.png,CAFOs
1717,augmented_final/01717.png,CAFOs
1718,augmented_final/01718.png,CAFOs
1719,augmented_final/01719.png,CAFOs
1720,augmented_final/01720.png,CAFOs
1721,augmented_final/01721.png,CAFOs
1722,augmented_final/01722.png,CAFOs
1723,augmented_final/01723.png,CAFOs
1724,augmented_final/01724.png,CAFOs
1725,augmented_final/01725.png,CAFOs
1726,augmented_final/01726.png,CAFOs
1727,augmented_final/01727.png,CAFOs
1728,augmented_final/01728.png,CAFOs
1729,augmented_final/01729.png,CAFOs
1730,augmented_final/01730.png,CAFOs
1731,augmented_final/01731.png,CAFOs
1732,augmented_final/01732.png,CAFOs
1733,augmented_final/01733.png,CAFOs
1734,augmented_final/01734.png,CAFOs
1735,augmented_final/01735.png,CAFOs
1736,augmented_final/01736.png,CAFOs
1737,augmented_final/01737.png,CAFOs
1738,augmented_final/01738.png,CAFOs
1739,augmented_final/01739.png,CAFOs
1740,augmented_final/01740.png,CAFOs
1741,augmented_final/01741.png,CAFOs
1742,augmented_final/01742.png,CAFOs
1743,augmented_final/01743.png,CAFOs
1744,augmented_final/01744.png,CAFOs
1745,augmented_final/01745.png,CAFOs
1746,augmented_final/01746.png,CAFOs
1747,augmented_final/01747.png,CAFOs
1748,augmented_final/01748.png,CAFOs
1749,augmented_final/01749.png,CAFOs
1750,augmented_final/01750.png,CAFOs
1751,augmented_final/01751.png,CAFOs
1752,augmented_final/01752.png,CAFOs
1753,augmented_final/01753.png,CAFOs
1754,augmented_final/01754.png,CAFOs
1755,augmented_final/01755.png,CAFOs
1756,augmented_final/01756.png,CAFOs
1757,augmented_final/01757.png,CAFOs
1758,augmented_final/01758.png,CAFOs
1759,augmented_final/01759.png,CAFOs
1760,augmented_final/01760.png,CAFOs
1761,augmented_final/01761.png,CAFOs
1762,augmented_final/01762.png,CAFOs
1763,augmented_final/01763.png,CAFOs
1764,augmented_final/01764.png,CAFOs
1765,augmented_final/01765.png,CAFOs
1766,augmented_final/01766.png,CAFOs
1767,augmented_final/01767.png,CAFOs
1768,augmented_final/01768.png,CAFOs
1769,augmented_final/01769.png,CAFOs
1770,augmented_final/01770.png,CAFOs
1771,augmented_final/01771.png,CAFOs
1772,augmented_final/01772.png,CAFOs
1773,augmented_final/01773.png,CAFOs
1774,augmented_final/01774.png,CAFOs
1775,augmented_final/01775.png,CAFOs
1776,augmented_final/01776.png,CAFOs
1777,augmented_final/01777.png,CAFOs
1778,augmented_final/01778.png,CAFOs
1779,augmented_final/01779.png,CAFOs
1780,augmented_final/01780.png,CAFOs
1781,augmented_final/01781.png,CAFOs
1782,augmented_final/01782.png,CAFOs
1783,augmented_final/01783.png,CAFOs
1784,augmented_final/01784.png,CAFOs
1785,augmented_final/01785.png,CAFOs
1786,augmented_final/01786.png,CAFOs
1787,augmented_final/01787.png,CAFOs
1788,augmented_final/01788.png,CAFOs
1789,augmented_final/01789.png,CAFOs
1790,augmented_final/01790.png,CAFOs
1791,augmented_final/01791.png,CAFOs
1792,augmented_final/01792.png,CAFOs
1793,augmented_final/01793.png,CAFOs
1794,augmented_final/01794.png,CAFOs
1795,augmented_final/01795.png,CAFOs
1796,augmented_final/01796.png,CAFOs
1797,augmented_final/01797.png,CAFOs
1798,augmented_final/01798.png,CAFOs
1799,augmented_final/01799.png,CAFOs
1800,augmented_final/01800.png,CAFOs
1801,augmented_final/01801.png,CAFOs
1802,augmented_final/01802.png,CAFOs
1803,augmented_final/01803.png,CAFOs
1804,augmented_final/01804.png,CAFOs
1805,augmented_final/01805.png,CAFOs
1806,augmented_final/01806.png,CAFOs
1807,augmented_final/01807.png,CAFOs
1808,augmented_final/01808.png,CAFOs
1809,augmented_final/01809.png,CAFOs
1810,augmented_final/01810.png,CAFOs
1811,augmented_final/01811.png,CAFOs
1812,augmented_final/01812.png,CAFOs
1813,augmented_final/01813.png,CAFOs
1814,augmented_final/01814.png,CAFOs
1815,augmented_final/01815.png,CAFOs
1816,augmented_final/01816.png,CAFOs
1817,augmented_final/01817.png,CAFOs
1818,augmented_final/01818.png,CAFOs
1819,augmented_final/01819.png,CAFOs
1820,augmented_final/01820.png,CAFOs
1821,augmented_final/01821.png,CAFOs
1822,augmented_final/01822.png,CAFOs
1823,augmented_final/01823.png,CAFOs
1824,augmented_final/01824.png,CAFOs
1825,augmented_final/01825.png,CAFOs
1826,augmented_final/01826.png,CAFOs
1827,augmented_final/01827.png,CAFOs
1828,augmented_final/01828.png,CAFOs
1829,augmented_final/01829.png,CAFOs
1830,augmented_final/01830.png,CAFOs
1831,augmented_final/01831.png,CAFOs
1832,augmented_final/01832.png,CAFOs
1833,augmented_final/01833.png,CAFOs
1834,augmented_final/01834.png,CAFOs
1835,augmented_final/01835.png,CAFOs
1836,augmented_final/01836.png,CAFOs
1837,augmented_final/01837.png,CAFOs
1838,augmented_final/01838.png,CAFOs
1839,augmented_final/01839.png,CAFOs
1840,augmented_final/01840.png,CAFOs
1841,augmented_final/01841.png,CAFOs
1842,augmented_final/01842.png,CAFOs
1843,augmented_final/01843.png,CAFOs
1844,augmented_final/01844.png,CAFOs
1845,augmented_final/01845.png,CAFOs
1846,augmented_final/01846.png,CAFOs
1847,augmented_final/01847.png,CAFOs
1848,augmented_final/01848.png,CAFOs
1849,augmented_final/01849.png,CAFOs
1850,augmented_final/01850.png,CAFOs
1851,augmented_final/01851.png,CAFOs
1852,augmented_final/01852.png,CAFOs
1853,augmented_final/01853.png,CAFOs
1854,augmented_final/01854.png,CAFOs
1855,augmented_final/01855.png,CAFOs
1856,augmented_final/01856.png,CAFOs
1857,augmented_final/01857.png,CAFOs
1858,augmented_final/01858.png,CAFOs
1859,augmented_final/01859.png,CAFOs
1860,augmented_final/01860.png,CAFOs
1861,augmented_final/01861.png,CAFOs
1862,augmented_final/01862.png,CAFOs
1863,augmented_final/01863.png,CAFOs
1864,augmented_final/01864.png,CAFOs
1865,augmented_final/01865.png,CAFOs
1866,augmented_final/01866.png,CAFOs
1867,augmented_final/01867.png,CAFOs
1868,augmented_final/01868.png,CAFOs
1869,augmented_final/01869.png,CAFOs
1870,augmented_final/01870.png,CAFOs
1871,augmented_final/01871.png,CAFOs
1872,augmented_final/01872.png,CAFOs
1873,augmented_final/01873.png,CAFOs
1874,augmented_final/01874.png,CAFOs
1875,augmented_final/01875.png,CAFOs
1876,augmented_final/01876.png,CAFOs
1877,augmented_final/01877.png,CAFOs
1878,augmented_final/01878.png,CAFOs
1879,augmented_final/01879.png,CAFOs
1880,augmented_final/01880.png,CAFOs
1881,augmented_final/01881.png,CAFOs
1882,augmented_final/01882.png,CAFOs
1883,augmented_final/01883.png,CAFOs
1884,augmented_final/01884.png,CAFOs
1885,augmented_final/01885.png,CAFOs
1886,augmented_final/01886.png,CAFOs
1887,augmented_final/01887.png,CAFOs
1888,augmented_final/01888.png,CAFOs
1889,augmented_final/01889.png,CAFOs
1890,augmented_final/01890.png,CAFOs
1891,augmented_final/01891.png,CAFOs
1892,augmented_final/01892.png,CAFOs
1893,augmented_final/01893.png,CAFOs
1894,augmented_final/01894.png,CAFOs
1895,augmented_final/01895.png,CAFOs
1896,augmented_final/01896.png,CAFOs
1897,augmented_final/01897.png,CAFOs
1898,augmented_final/01898.png,CAFOs
1899,augmented_final/01899.png,CAFOs
1900,augmented_final/01900.png,CAFOs
1901,augmented_final/01901.png,CAFOs
1902,augmented_final/01902.png,CAFOs
1903,augmented_final/01903.png,CAFOs
1904,augmented_final/01904.png,CAFOs
1905,augmented_final/01905.png,CAFOs
1906,augmented_final/01906.png,CAFOs
1907,augmented_final/01907.png,CAFOs
1908,augmented_final/01908.png,CAFOs
1909,augmented_final/01909.png,CAFOs
1910,augmented_final/01910.png,CAFOs
1911,augmented_final/01911.png,CAFOs
1912,augmented_final/01912.png,CAFOs
1913,augmented_final/01913.png,CAFOs
1914,augmented_final/01914.png,CAFOs
1915,augmented_final/01915.png,CAFOs
1916,augmented_final/01916.png,CAFOs
1917,augmented_final/01917.png,CAFOs
1918,augmented_final/01918.png,CAFOs
1919,augmented_final/01919.png,CAFOs
1920,augmented_final/01920.png,CAFOs
1921,augmented_final/01921.png,CAFOs
1922,augmented_final/01922.png,CAFOs
1923,augmented_final/01923.png,CAFOs
1924,augmented_final/01924.png,CAFOs
1925,augmented_final/01925.png,CAFOs
1926,augmented_final/01926.png,CAFOs
1927,augmented_final/01927.png,CAFOs
1928,augmented_final/01928.png,CAFOs
1929,augmented_final/01929.png,CAFOs
1930,augmented_final/01930.png,CAFOs
1931,augmented_final/01931.png,CAFOs
1932,augmented_final/01932.png,CAFOs
1933,augmented_final/01933.png,CAFOs
1934,augmented_final/01934.png,CAFOs
1935,augmented_final/01935.png,CAFOs
1936,augmented_final/01936.png,CAFOs
1937,augmented_final/01937.png,CAFOs
1938,augmented_final/01938.png,CAFOs
1939,augmented_final/01939.png,CAFOs
1940,augmented_final/01940.png,CAFOs
1941,augmented_final/01941.png,CAFOs
1942,augmented_final/01942.png,CAFOs
1943,augmented_final/01943.png,CAFOs
1944,augmented_final/01944.png,CAFOs
1945,augmented_final/01945.png,CAFOs
1946,augmented_final/01946.png,CAFOs
1947,augmented_final/01947.png,CAFOs
1948,augmented_final/01948.png,CAFOs
1949,augmented_final/01949.png,CAFOs
1950,augmented_final/01950.png,CAFOs
1951,augmented_final/01951.png,CAFOs
1952,augmented_final/01952.png,CAFOs
1953,augmented_final/01953.png,CAFOs
1954,augmented_final/01954.png,CAFOs
1955,augmented_final/01955.png,CAFOs
1956,augmented_final/01956.png,CAFOs
1957,augmented_final/01957.png,CAFOs
1958,augmented_final/01958.png,CAFOs
1959,augmented_final/01959.png,CAFOs
1960,augmented_final/01960.png,CAFOs
1961,augmented_final/01961.png,CAFOs
1962,augmented_final/01962.png,CAFOs
1963,augmented_final/01963.png,CAFOs
1964,augmented_final/01964.png,CAFOs
1965,augmented_final/01965.png,CAFOs
1966,augmented_final/01966.png,CAFOs
1967,augmented_final/01967.png,CAFOs
1968,augmented_final/01968.png,CAFOs
1969,augmented_final/01969.png,CAFOs
1970,augmented_final/01970.png,CAFOs
1971,augmented_final/01971.png,CAFOs
1972,augmented_final/01972.png,CAFOs
1973,augmented_final/01973.png,CAFOs
1974,augmented_final/01974.png,CAFOs
1975,augmented_final/01975.png,CAFOs
1976,augmented_final/01976.png,CAFOs
1977,augmented_final/01977.png,CAFOs
1978,augmented_final/01978.png,CAFOs
1979,augmented_final/01979.png,CAFOs
1980,augmented_final/01980.png,CAFOs
1981,augmented_final/01981.png,CAFOs
1982,augmented_final/01982.png,CAFOs
1983,augmented_final/01983.png,CAFOs
1984,augmented_final/01984.png,CAFOs
1985,augmented_final/01985.png,CAFOs
1986,augmented_final/01986.png,CAFOs
1987,augmented_final/01987.png,CAFOs
1988,augmented_final/01988.png,CAFOs
1989,augmented_final/01989.png,CAFOs
1990,augmented_final/01990.png,CAFOs
1991,augmented_final/01991.png,CAFOs
1992,augmented_final/01992.png,CAFOs
1993,augmented_final/01993.png,CAFOs
1994,augmented_final/01994.png,CAFOs
1995,augmented_final/01995.png,CAFOs
1996,augmented_final/01996.png,CAFOs
1997,augmented_final/01997.png,CAFOs
1998,augmented_final/01998.png,CAFOs
1999,augmented_final/01999.png,CAFOs
